<?xml version="1.0" encoding="UTF-8"?>
<beans xmlns="http://www.springframework.org/schema/beans"
  xmlns:p="http://www.springframework.org/schema/p"
  xmlns:xsi="http://www.w3.org/2001/XMLSchema-instance"
  xmlns:context="http://www.springframework.org/schema/context"
  xmlns:mvc="http://www.springframework.org/schema/mvc"
  xsi:schemaLocation="
    http://www.springframework.org/schema/beans
    http://www.springframework.org/schema/beans/spring-beans-3.2.xsd
    http://www.springframework.org/schema/context
    http://www.springframework.org/schema/context/spring-context-3.2.xsd
    http://www.springframework.org/schema/mvc
    http://www.springframework.org/schema/mvc/spring-mvc-3.2.xsd">
     
    <!-- 扫描controller（controller层注入） -->
   <context:component-scan base-package="com.lin.controller" use-default-filters="false">
        <context:include-filter type="annotation" expression="org.springframework.stereotype.Controller"/>
        <context:include-filter type="annotation" expression="org.springframework.web.bind.annotation.ControllerAdvice"/>
    </context:component-scan>
   
   

   
       <!-- 会自动注册了validator  ConversionService  -->
    <mvc:annotation-driven validator="validator" conversion-service="conversionService" content-negotiation-manager="contentNegotiationManager">
        <mvc:message-converters register-defaults="true">
            <!-- StringHttpMessageConverter编码为UTF-8，防止乱码 -->
            <bean class="org.springframework.http.converter.StringHttpMessageConverter">
                <constructor-arg value="UTF-8"/>
                <property name = "supportedMediaTypes">
                    <list>
                        <bean class="org.springframework.http.MediaType">
                            <constructor-arg index="0" value="text"/>
                            <constructor-arg index="1" value="plain"/>
                            <constructor-arg index="2" value="UTF-8"/>
                        </bean>
                        <bean class="org.springframework.http.MediaType">
                            <constructor-arg index="0" value="*"/>
                            <constructor-arg index="1" value="*"/>
                            <constructor-arg index="2" value="UTF-8"/>
                        </bean>
                    </list>
                </property>
            </bean>
            <!-- 避免IE执行AJAX时,返回JSON出现下载文件 -->
            <bean id="fastJsonHttpMessageConverter" class="com.alibaba.fastjson.support.spring.FastJsonHttpMessageConverter">
                <property name="supportedMediaTypes">
                    <list>
                        <value>application/json;charset=UTF-8</value>
                    </list>
                </property>
                <!--<property name="serializerFeature">-->
                <!--这个地方加上这个功能吧，能自己配置一些东西，比如时间的格式化，null输出""等等-->
                <!--</property>-->
            </bean>
        </mvc:message-converters>

        <mvc:argument-resolvers>
          <bean class="org.springframework.data.web.PageableHandlerMethodArgumentResolver" />
        </mvc:argument-resolvers>
    </mvc:annotation-driven>


           <!-- 内容协商管理器  -->
    <!--1、首先检查路径扩展名（如my.pdf）；2、其次检查Parameter（如my?format=pdf）；3、检查Accept Header-->
    <bean id="contentNegotiationManager" class="org.springframework.web.accept.ContentNegotiationManagerFactoryBean">
        <!-- 扩展名至mimeType的映射,即 /user.json => application/json -->
        <property name="favorPathExtension" value="true"/>
        <!-- 用于开启 /userinfo/123?format=json 的支持 -->
        <property name="favorParameter" value="true"/>
        <property name="parameterName" value="format"/>
        <!-- 是否忽略Accept Header -->
        <property name="ignoreAcceptHeader" value="false"/>

        <property name="mediaTypes"> <!--扩展名到MIME的映射；favorPathExtension, favorParameter是true时起作用  -->
            <value>
                json=application/json
                xml=application/xml
                html=text/html
            </value>
        </property>
        <!-- 默认的content type -->
        <property name="defaultContentType" value="text/html"/>
    </bean>



    <!-- 当在web.xml 中   DispatcherServlet使用 <url-pattern>/</url-pattern> 映射时，能映射静态资源 -->
    <mvc:default-servlet-handler />  
	<!-- 静态资源映射 -->
    <mvc:resources mapping="/static/**" location="/WEB-INF/static/"/>
   

   <!-- 对模型视图添加前后缀 -->
     <bean id="viewResolver" class="org.springframework.web.servlet.view.InternalResourceViewResolver"
      p:prefix="/WEB-INF/view/" p:suffix=".jsp"/>
      
	<!-- 这里设置静态的资源 -->
<!-- 	<mvc:resources location="/static/" mapping="/static/**" /> -->


</beans>